"team_id","team_name","team_url","conference_id","conference","division","year","season_id"
"140","Cincinnati","/team/140/15860","823","AAC",1,2022,"15860"
"196","East Carolina","/team/196/15860","823","AAC",1,2022,"15860"
"288","Houston","/team/288/15860","823","AAC",1,2022,"15860"
"404","Memphis","/team/404/15860","823","AAC",1,2022,"15860"
"651","South Fla.","/team/651/15860","823","AAC",1,2022,"15860"
"718","Tulane","/team/718/15860","823","AAC",1,2022,"15860"
"128","UCF","/team/128/15860","823","AAC",1,2022,"15860"
"782","Wichita St.","/team/782/15860","823","AAC",1,2022,"15860"
"67","Boston College","/team/67/15860","821","ACC",1,2022,"15860"
"147","Clemson","/team/147/15860","821","ACC",1,2022,"15860"
"193","Duke","/team/193/15860","821","ACC",1,2022,"15860"
"234","Florida St.","/team/234/15860","821","ACC",1,2022,"15860"
"255","Georgia Tech","/team/255/15860","821","ACC",1,2022,"15860"
"367","Louisville","/team/367/15860","821","ACC",1,2022,"15860"
"415","Miami (FL)","/team/415/15860","821","ACC",1,2022,"15860"
"490","NC State","/team/490/15860","821","ACC",1,2022,"15860"
"457","North Carolina","/team/457/15860","821","ACC",1,2022,"15860"
"513","Notre Dame","/team/513/15860","821","ACC",1,2022,"15860"
"545","Pittsburgh","/team/545/15860","821","ACC",1,2022,"15860"
"746","Virginia","/team/746/15860","821","ACC",1,2022,"15860"
"742","Virginia Tech","/team/742/15860","821","ACC",1,2022,"15860"
"749","Wake Forest","/team/749/15860","821","ACC",1,2022,"15860"
"52","Bellarmine","/team/52/15860","920","ASUN",1,2022,"15860"
"1004","Central Ark.","/team/1004/15860","920","ASUN",1,2022,"15860"
"202","Eastern Ky.","/team/202/15860","920","ASUN",1,2022,"15860"
"28755","FGCU","/team/28755/15860","920","ASUN",1,2022,"15860"
"316","Jacksonville","/team/316/15860","920","ASUN",1,2022,"15860"
"315","Jacksonville St.","/team/315/15860","920","ASUN",1,2022,"15860"
"1157","Kennesaw St.","/team/1157/15860","920","ASUN",1,2022,"15860"
"355","Liberty","/team/355/15860","920","ASUN",1,2022,"15860"
"28600","Lipscomb","/team/28600/15860","920","ASUN",1,2022,"15860"
"487","North Ala.","/team/487/15860","920","ASUN",1,2022,"15860"
"2711","North Florida","/team/2711/15860","920","ASUN",1,2022,"15860"
"678","Stetson","/team/678/15860","920","ASUN",1,2022,"15860"
"62","Binghamton","/team/62/15860","845","America East",1,2022,"15860"
"272","Hartford","/team/272/15860","845","America East",1,2022,"15860"
"380","Maine","/team/380/15860","845","America East",1,2022,"15860"
"471","NJIT","/team/471/15860","845","America East",1,2022,"15860"
"683","Stony Brook","/team/683/15860","845","America East",1,2022,"15860"
"14","UAlbany","/team/14/15860","845","America East",1,2022,"15860"
"391","UMBC","/team/391/15860","845","America East",1,2022,"15860"
"368","UMass Lowell","/team/368/15860","845","America East",1,2022,"15860"
"173","Davidson","/team/173/15860","820","Atlantic 10",1,2022,"15860"
"175","Dayton","/team/175/15860","820","Atlantic 10",1,2022,"15860"
"236","Fordham","/team/236/15860","820","Atlantic 10",1,2022,"15860"
"248","George Mason","/team/248/15860","820","Atlantic 10",1,2022,"15860"
"249","George Washington","/team/249/15860","820","Atlantic 10",1,2022,"15860"
"400","Massachusetts","/team/400/15860","820","Atlantic 10",1,2022,"15860"
"572","Rhode Island","/team/572/15860","820","Atlantic 10",1,2022,"15860"
"575","Richmond","/team/575/15860","820","Atlantic 10",1,2022,"15860"
"606","Saint Joseph's","/team/606/15860","820","Atlantic 10",1,2022,"15860"
"609","Saint Louis","/team/609/15860","820","Atlantic 10",1,2022,"15860"
"596","St. Bonaventure","/team/596/15860","820","Atlantic 10",1,2022,"15860"
"740","VCU","/team/740/15860","820","Atlantic 10",1,2022,"15860"
"51","Baylor","/team/51/15860","25354","Big 12",1,2022,"15860"
"328","Kansas","/team/328/15860","25354","Big 12",1,2022,"15860"
"327","Kansas St.","/team/327/15860","25354","Big 12",1,2022,"15860"
"522","Oklahoma","/team/522/15860","25354","Big 12",1,2022,"15860"
"521","Oklahoma St.","/team/521/15860","25354","Big 12",1,2022,"15860"
"698","TCU","/team/698/15860","25354","Big 12",1,2022,"15860"
"703","Texas","/team/703/15860","25354","Big 12",1,2022,"15860"
"700","Texas Tech","/team/700/15860","25354","Big 12",1,2022,"15860"
"768","West Virginia","/team/768/15860","25354","Big 12",1,2022,"15860"
"87","Butler","/team/87/15860","30184","Big East",1,2022,"15860"
"169","Creighton","/team/169/15860","30184","Big East",1,2022,"15860"
"251","Georgetown","/team/251/15860","30184","Big East",1,2022,"15860"
"635","Seton Hall","/team/635/15860","30184","Big East",1,2022,"15860"
"603","St. John's (NY)","/team/603/15860","30184","Big East",1,2022,"15860"
"164","UConn","/team/164/15860","30184","Big East",1,2022,"15860"
"739","Villanova","/team/739/15860","30184","Big East",1,2022,"15860"
"812","Xavier","/team/812/15860","30184","Big East",1,2022,"15860"
"115","Campbell","/team/115/15860","826","Big South",1,2022,"15860"
"48","Charleston So.","/team/48/15860","826","Big South",1,2022,"15860"
"1092","Gardner-Webb","/team/1092/15860","826","Big South",1,2022,"15860"
"19651","High Point","/team/19651/15860","826","Big South",1,2022,"15860"
"363","Longwood","/team/363/15860","826","Big South",1,2022,"15860"
"488","N.C. A&T","/team/488/15860","826","Big South",1,2022,"15860"
"1320","Presbyterian","/team/1320/15860","826","Big South",1,2022,"15860"
"563","Radford","/team/563/15860","826","Big South",1,2022,"15860"
"456","UNC Asheville","/team/456/15860","826","Big South",1,2022,"15860"
"10411","USC Upstate","/team/10411/15860","826","Big South",1,2022,"15860"
"792","Winthrop","/team/792/15860","826","Big South",1,2022,"15860"
"301","Illinois","/team/301/15860","827","Big Ten",1,2022,"15860"
"306","Indiana","/team/306/15860","827","Big Ten",1,2022,"15860"
"312","Iowa","/team/312/15860","827","Big Ten",1,2022,"15860"
"392","Maryland","/team/392/15860","827","Big Ten",1,2022,"15860"
"418","Michigan","/team/418/15860","827","Big Ten",1,2022,"15860"
"416","Michigan St.","/team/416/15860","827","Big Ten",1,2022,"15860"
"428","Minnesota","/team/428/15860","827","Big Ten",1,2022,"15860"
"463","Nebraska","/team/463/15860","827","Big Ten",1,2022,"15860"
"509","Northwestern","/team/509/15860","827","Big Ten",1,2022,"15860"
"518","Ohio St.","/team/518/15860","827","Big Ten",1,2022,"15860"
"539","Penn St.","/team/539/15860","827","Big Ten",1,2022,"15860"
"559","Purdue","/team/559/15860","827","Big Ten",1,2022,"15860"
"587","Rutgers","/team/587/15860","827","Big Ten",1,2022,"15860"
"94","CSU Bakersfield","/team/94/15860","904","Big West",1,2022,"15860"
"101","CSUN","/team/101/15860","904","Big West",1,2022,"15860"
"90","Cal Poly","/team/90/15860","904","Big West",1,2022,"15860"
"97","Cal St. Fullerton","/team/97/15860","904","Big West",1,2022,"15860"
"277","Hawaii","/team/277/15860","904","Big West",1,2022,"15860"
"99","Long Beach St.","/team/99/15860","904","Big West",1,2022,"15860"
"108","UC Davis","/team/108/15860","904","Big West",1,2022,"15860"
"109","UC Irvine","/team/109/15860","904","Big West",1,2022,"15860"
"111","UC Riverside","/team/111/15860","904","Big West",1,2022,"15860"
"112","UC San Diego","/team/112/15860","904","Big West",1,2022,"15860"
"104","UC Santa Barbara","/team/104/15860","904","Big West",1,2022,"15860"
"458","Charlotte","/team/458/15860","24312","C-USA",1,2022,"15860"
"231","FIU","/team/231/15860","24312","C-USA",1,2022,"15860"
"229","Fla. Atlantic","/team/229/15860","24312","C-USA",1,2022,"15860"
"366","Louisiana Tech","/team/366/15860","24312","C-USA",1,2022,"15860"
"388","Marshall","/team/388/15860","24312","C-USA",1,2022,"15860"
"419","Middle Tenn.","/team/419/15860","24312","C-USA",1,2022,"15860"
"523","Old Dominion","/team/523/15860","24312","C-USA",1,2022,"15860"
"574","Rice","/team/574/15860","24312","C-USA",1,2022,"15860"
"664","Southern Miss.","/team/664/15860","24312","C-USA",1,2022,"15860"
"9","UAB","/team/9/15860","24312","C-USA",1,2022,"15860"
"706","UTSA","/team/706/15860","24312","C-USA",1,2022,"15860"
"772","Western Ky.","/team/772/15860","24312","C-USA",1,2022,"15860"
"1014","Col. of Charleston","/team/1014/15860","837","CAA",1,2022,"15860"
"180","Delaware","/team/180/15860","837","CAA",1,2022,"15860"
"1068","Elon","/team/1068/15860","837","CAA",1,2022,"15860"
"283","Hofstra","/team/283/15860","837","CAA",1,2022,"15860"
"317","James Madison","/team/317/15860","837","CAA",1,2022,"15860"
"500","Northeastern","/team/500/15860","837","CAA",1,2022,"15860"
"711","Towson","/team/711/15860","837","CAA",1,2022,"15860"
"460","UNCW","/team/460/15860","837","CAA",1,2022,"15860"
"786","William & Mary","/team/786/15860","837","CAA",1,2022,"15860"
"797","Milwaukee","/team/797/15860","881","Horizon",1,2022,"15860"
"505","Northern Ky.","/team/505/15860","881","Horizon",1,2022,"15860"
"514","Oakland","/team/514/15860","881","Horizon",1,2022,"15860"
"308","Purdue Fort Wayne","/team/308/15860","881","Horizon",1,2022,"15860"
"302","UIC","/team/302/15860","881","Horizon",1,2022,"15860"
"810","Wright St.","/team/810/15860","881","Horizon",1,2022,"15860"
"817","Youngstown St.","/team/817/15860","881","Horizon",1,2022,"15860"
"80","Brown","/team/80/15860","865","Ivy League",1,2022,"15860"
"158","Columbia","/team/158/15860","865","Ivy League",1,2022,"15860"
"167","Cornell","/team/167/15860","865","Ivy League",1,2022,"15860"
"172","Dartmouth","/team/172/15860","865","Ivy League",1,2022,"15860"
"275","Harvard","/team/275/15860","865","Ivy League",1,2022,"15860"
"540","Penn","/team/540/15860","865","Ivy League",1,2022,"15860"
"554","Princeton","/team/554/15860","865","Ivy League",1,2022,"15860"
"813","Yale","/team/813/15860","865","Ivy League",1,2022,"15860"
"116","Canisius","/team/116/15860","871","MAAC",1,2022,"15860"
"220","Fairfield","/team/220/15860","871","MAAC",1,2022,"15860"
"310","Iona","/team/310/15860","871","MAAC",1,2022,"15860"
"381","Manhattan","/team/381/15860","871","MAAC",1,2022,"15860"
"386","Marist","/team/386/15860","871","MAAC",1,2022,"15860"
"439","Monmouth","/team/439/15860","871","MAAC",1,2022,"15860"
"482","Niagara","/team/482/15860","871","MAAC",1,2022,"15860"
"562","Quinnipiac","/team/562/15860","871","MAAC",1,2022,"15860"
"576","Rider","/team/576/15860","871","MAAC",1,2022,"15860"
"617","Saint Peter's","/team/617/15860","871","MAAC",1,2022,"15860"
"639","Siena","/team/639/15860","871","MAAC",1,2022,"15860"
"5","Akron","/team/5/15860","875","MAC",1,2022,"15860"
"47","Ball St.","/team/47/15860","875","MAC",1,2022,"15860"
"71","Bowling Green","/team/71/15860","875","MAC",1,2022,"15860"
"129","Central Mich.","/team/129/15860","875","MAC",1,2022,"15860"
"204","Eastern Mich.","/team/204/15860","875","MAC",1,2022,"15860"
"331","Kent St.","/team/331/15860","875","MAC",1,2022,"15860"
"414","Miami (OH)","/team/414/15860","875","MAC",1,2022,"15860"
"503","NIU","/team/503/15860","875","MAC",1,2022,"15860"
"519","Ohio","/team/519/15860","875","MAC",1,2022,"15860"
"709","Toledo","/team/709/15860","875","MAC",1,2022,"15860"
"774","Western Mich.","/team/774/15860","875","MAC",1,2022,"15860"
"165","Coppin St.","/team/165/15860","876","MEAC",1,2022,"15860"
"178","Delaware St.","/team/178/15860","876","MEAC",1,2022,"15860"
"485","Norfolk St.","/team/485/15860","876","MEAC",1,2022,"15860"
"393","UMES","/team/393/15860","876","MEAC",1,2022,"15860"
"72","Bradley","/team/72/15860","884","MVC",1,2022,"15860"
"1045","DBU","/team/1045/15860","884","MVC",1,2022,"15860"
"219","Evansville","/team/219/15860","884","MVC",1,2022,"15860"
"299","Illinois St.","/team/299/15860","884","MVC",1,2022,"15860"
"305","Indiana St.","/team/305/15860","884","MVC",1,2022,"15860"
"669","Missouri St.","/team/669/15860","884","MVC",1,2022,"15860"
"659","Southern Ill.","/team/659/15860","884","MVC",1,2022,"15860"
"735","Valparaiso","/team/735/15860","884","MVC",1,2022,"15860"
"721","Air Force","/team/721/15860","5486","Mountain West",1,2022,"15860"
"96","Fresno St.","/team/96/15860","5486","Mountain West",1,2022,"15860"
"466","Nevada","/team/466/15860","5486","Mountain West",1,2022,"15860"
"473","New Mexico","/team/473/15860","5486","Mountain West",1,2022,"15860"
"626","San Diego St.","/team/626/15860","5486","Mountain West",1,2022,"15860"
"630","San Jose St.","/team/630/15860","5486","Mountain West",1,2022,"15860"
"465","UNLV","/team/465/15860","5486","Mountain West",1,2022,"15860"
"81","Bryant","/team/81/15860","846","NEC",1,2022,"15860"
"127","Central Conn. St.","/team/127/15860","846","NEC",1,2022,"15860"
"222","FDU","/team/222/15860","846","NEC",1,2022,"15860"
"361","LIU","/team/361/15860","846","NEC",1,2022,"15860"
"410","Merrimack","/team/410/15860","846","NEC",1,2022,"15860"
"450","Mount St. Mary's","/team/450/15860","846","NEC",1,2022,"15860"
"590","Sacred Heart","/team/590/15860","846","NEC",1,2022,"15860"
"748","Wagner","/team/748/15860","846","NEC",1,2022,"15860"
"43","Austin Peay","/team/43/15860","902","OVC",1,2022,"15860"
"14927","Belmont","/team/14927/15860","902","OVC",1,2022,"15860"
"201","Eastern Ill.","/team/201/15860","902","OVC",1,2022,"15860"
"444","Morehead St.","/team/444/15860","902","OVC",1,2022,"15860"
"454","Murray St.","/team/454/15860","902","OVC",1,2022,"15860"
"660","SIUE","/team/660/15860","902","OVC",1,2022,"15860"
"654","Southeast Mo. St.","/team/654/15860","902","OVC",1,2022,"15860"
"692","Tennessee Tech","/team/692/15860","902","OVC",1,2022,"15860"
"695","UT Martin","/team/695/15860","902","OVC",1,2022,"15860"
"29","Arizona","/team/29/15860","905","Pac-12",1,2022,"15860"
"28","Arizona St.","/team/28/15860","905","Pac-12",1,2022,"15860"
"107","California","/team/107/15860","905","Pac-12",1,2022,"15860"
"529","Oregon","/team/529/15860","905","Pac-12",1,2022,"15860"
"528","Oregon St.","/team/528/15860","905","Pac-12",1,2022,"15860"
"657","Southern California","/team/657/15860","905","Pac-12",1,2022,"15860"
"674","Stanford","/team/674/15860","905","Pac-12",1,2022,"15860"
"110","UCLA","/team/110/15860","905","Pac-12",1,2022,"15860"
"732","Utah","/team/732/15860","905","Pac-12",1,2022,"15860"
"756","Washington","/team/756/15860","905","Pac-12",1,2022,"15860"
"754","Washington St.","/team/754/15860","905","Pac-12",1,2022,"15860"
"725","Army West Point","/team/725/15860","838","Patriot",1,2022,"15860"
"83","Bucknell","/team/83/15860","838","Patriot",1,2022,"15860"
"285","Holy Cross","/team/285/15860","838","Patriot",1,2022,"15860"
"342","Lafayette","/team/342/15860","838","Patriot",1,2022,"15860"
"352","Lehigh","/team/352/15860","838","Patriot",1,2022,"15860"
"726","Navy","/team/726/15860","838","Patriot",1,2022,"15860"
"8","Alabama","/team/8/15860","911","SEC",1,2022,"15860"
"31","Arkansas","/team/31/15860","911","SEC",1,2022,"15860"
"37","Auburn","/team/37/15860","911","SEC",1,2022,"15860"
"235","Florida","/team/235/15860","911","SEC",1,2022,"15860"
"257","Georgia","/team/257/15860","911","SEC",1,2022,"15860"
"334","Kentucky","/team/334/15860","911","SEC",1,2022,"15860"
"365","LSU","/team/365/15860","911","SEC",1,2022,"15860"
"430","Mississippi St.","/team/430/15860","911","SEC",1,2022,"15860"
"434","Missouri","/team/434/15860","911","SEC",1,2022,"15860"
"433","Ole Miss","/team/433/15860","911","SEC",1,2022,"15860"
"648","South Carolina","/team/648/15860","911","SEC",1,2022,"15860"
"694","Tennessee","/team/694/15860","911","SEC",1,2022,"15860"
"697","Texas A&M","/team/697/15860","911","SEC",1,2022,"15860"
"736","Vanderbilt","/team/736/15860","911","SEC",1,2022,"15860"
"6","Alabama A&M","/team/6/15860","916","SWAC",1,2022,"15860"
"7","Alabama St.","/team/7/15860","916","SWAC",1,2022,"15860"
"17","Alcorn","/team/17/15860","916","SWAC",1,2022,"15860"
"2678","Ark.-Pine Bluff","/team/2678/15860","916","SWAC",1,2022,"15860"
"61","Bethune-Cookman","/team/61/15860","916","SWAC",1,2022,"15860"
"228","Florida A&M","/team/228/15860","916","SWAC",1,2022,"15860"
"261","Grambling","/team/261/15860","916","SWAC",1,2022,"15860"
"314","Jackson St.","/team/314/15860","916","SWAC",1,2022,"15860"
"432","Mississippi Val.","/team/432/15860","916","SWAC",1,2022,"15860"
"553","Prairie View","/team/553/15860","916","SWAC",1,2022,"15860"
"665","Southern U.","/team/665/15860","916","SWAC",1,2022,"15860"
"699","Texas Southern","/team/699/15860","916","SWAC",1,2022,"15860"
"198","ETSU","/team/198/15860","912","SoCon",1,2022,"15860"
"406","Mercer","/team/406/15860","912","SoCon",1,2022,"15860"
"625","Samford","/team/625/15860","912","SoCon",1,2022,"15860"
"141","The Citadel","/team/141/15860","912","SoCon",1,2022,"15860"
"459","UNC Greensboro","/team/459/15860","912","SoCon",1,2022,"15860"
"741","VMI","/team/741/15860","912","SoCon",1,2022,"15860"
"769","Western Caro.","/team/769/15860","912","SoCon",1,2022,"15860"
"2915","Wofford","/team/2915/15860","912","SoCon",1,2022,"15860"
"26172","A&M-Corpus Christi","/team/26172/15860","914","Southland",1,2022,"15860"
"287","Houston Christian","/team/287/15860","914","Southland",1,2022,"15860"
"402","McNeese","/team/402/15860","914","Southland",1,2022,"15860"
"474","New Orleans","/team/474/15860","914","Southland",1,2022,"15860"
"483","Nicholls","/team/483/15860","914","Southland",1,2022,"15860"
"508","Northwestern St.","/team/508/15860","914","Southland",1,2022,"15860"
"655","Southeastern La.","/team/655/15860","914","Southland",1,2022,"15860"
"2743","UIW","/team/2743/15860","914","Southland",1,2022,"15860"
"493","North Dakota St.","/team/493/15860","819","Summit League",1,2022,"15860"
"502","Northern Colo.","/team/502/15860","819","Summit League",1,2022,"15860"
"464","Omaha","/team/464/15860","819","Summit League",1,2022,"15860"
"527","Oral Roberts","/team/527/15860","819","Summit League",1,2022,"15860"
"649","South Dakota St.","/team/649/15860","819","Summit League",1,2022,"15860"
"620","St. Thomas (MN)","/team/620/15860","819","Summit League",1,2022,"15860"
"771","Western Ill.","/team/771/15860","819","Summit League",1,2022,"15860"
"27","App State","/team/27/15860","818","Sun Belt",1,2022,"15860"
"30","Arkansas St.","/team/30/15860","818","Sun Belt",1,2022,"15860"
"149","Coastal Carolina","/team/149/15860","818","Sun Belt",1,2022,"15860"
"253","Ga. Southern","/team/253/15860","818","Sun Belt",1,2022,"15860"
"254","Georgia St.","/team/254/15860","818","Sun Belt",1,2022,"15860"
"32","Little Rock","/team/32/15860","818","Sun Belt",1,2022,"15860"
"671","Louisiana","/team/671/15860","818","Sun Belt",1,2022,"15860"
"646","South Alabama","/team/646/15860","818","Sun Belt",1,2022,"15860"
"670","Texas St.","/team/670/15860","818","Sun Belt",1,2022,"15860"
"716","Troy","/team/716/15860","818","Sun Belt",1,2022,"15860"
"498","ULM","/team/498/15860","818","Sun Belt",1,2022,"15860"
"702","UT Arlington","/team/702/15860","818","Sun Belt",1,2022,"15860"
"2","Abilene Christian","/team/2/15860","923","WAC",1,2022,"15860"
"30135","California Baptist","/team/30135/15860","923","WAC",1,2022,"15860"
"1104","Grand Canyon","/team/1104/15860","923","WAC",1,2022,"15860"
"346","Lamar University","/team/346/15860","923","WAC",1,2022,"15860"
"472","New Mexico St.","/team/472/15860","923","WAC",1,2022,"15860"
"676","SFA","/team/676/15860","923","WAC",1,2022,"15860"
"102","Sacramento St.","/team/102/15860","923","WAC",1,2022,"15860"
"624","Sam Houston","/team/624/15860","923","WAC",1,2022,"15860"
"1356","Seattle U","/team/1356/15860","923","WAC",1,2022,"15860"
"1395","Tarleton St.","/team/1395/15860","923","WAC",1,2022,"15860"
"536","UTRGV","/team/536/15860","923","WAC",1,2022,"15860"
"30095","Utah Tech","/team/30095/15860","923","WAC",1,2022,"15860"
"30024","Utah Valley","/team/30024/15860","923","WAC",1,2022,"15860"
"77","BYU","/team/77/15860","922","WCC",1,2022,"15860"
"260","Gonzaga","/team/260/15860","922","WCC",1,2022,"15860"
"370","LMU (CA)","/team/370/15860","922","WCC",1,2022,"15860"
"534","Pacific","/team/534/15860","922","WCC",1,2022,"15860"
"541","Pepperdine","/team/541/15860","922","WCC",1,2022,"15860"
"551","Portland","/team/551/15860","922","WCC",1,2022,"15860"
"610","Saint Mary's (CA)","/team/610/15860","922","WCC",1,2022,"15860"
"627","San Diego","/team/627/15860","922","WCC",1,2022,"15860"
"629","San Francisco","/team/629/15860","922","WCC",1,2022,"15860"
"631","Santa Clara","/team/631/15860","922","WCC",1,2022,"15860"
"1277","Alliance","/team/1277/15860","28752","CACC",2,2022,"15860"
"984","Bloomfield","/team/984/15860","28752","CACC",2,2022,"15860"
"995","Caldwell","/team/995/15860","28752","CACC",2,2022,"15860"
"21323","Chestnut Hill","/team/21323/15860","28752","CACC",2,2022,"15860"
"8956","Dominican (NY)","/team/8956/15860","28752","CACC",2,2022,"15860"
"23157","Felician","/team/23157/15860","28752","CACC",2,2022,"15860"
"8366","Goldey-Beacom","/team/8366/15860","28752","CACC",2,2022,"15860"
"543","Jefferson","/team/543/15860","28752","CACC",2,2022,"15860"
"1318","Post","/team/1318/15860","28752","CACC",2,2022,"15860"
"28594","USciences","/team/28594/15860","28752","CACC",2,2022,"15860"
"1460","Wilmington (DE)","/team/1460/15860","28752","CACC",2,2022,"15860"
"91","Cal Poly Pomona","/team/91/15860","828","CCAA",2,2022,"15860"
"92","Cal St. Dom. Hills","/team/92/15860","828","CCAA",2,2022,"15860"
"98","Cal St. East Bay","/team/98/15860","828","CCAA",2,2022,"15860"
"30055","Cal St. Monterey Bay","/team/30055/15860","828","CCAA",2,2022,"15860"
"93","Cal St. San B'dino","/team/93/15860","828","CCAA",2,2022,"15860"
"30198","Cal St. San Marcos","/team/30198/15860","828","CCAA",2,2022,"15860"
"100","Cal State LA","/team/100/15860","828","CCAA",2,2022,"15860"
"95","Chico St.","/team/95/15860","828","CCAA",2,2022,"15860"
"628","San Fran. St.","/team/628/15860","828","CCAA",2,2022,"15860"
"645","Sonoma St.","/team/645/15860","828","CCAA",2,2022,"15860"
"103","Stanislaus St.","/team/103/15860","828","CCAA",2,2022,"15860"
"15646","Barton","/team/15646/15860","4423","Conference Carolinas",2,2022,"15860"
"2683","Belmont Abbey","/team/2683/15860","4423","Conference Carolinas",2,2022,"15860"
"8875","Chowan","/team/8875/15860","4423","Conference Carolinas",2,2022,"15860"
"30193","Emmanuel (GA)","/team/30193/15860","4423","Conference Carolinas",2,2022,"15860"
"1072","Erskine","/team/1072/15860","4423","Conference Carolinas",2,2022,"15860"
"1085","Francis Marion","/team/1085/15860","4423","Conference Carolinas",2,2022,"15860"
"30051","King (TN)","/team/30051/15860","4423","Conference Carolinas",2,2022,"15860"
"1245","Mount Olive","/team/1245/15860","4423","Conference Carolinas",2,2022,"15860"
"9223","North Greenville","/team/9223/15860","4423","Conference Carolinas",2,2022,"15860"
"30192","Southern Wesleyan","/team/30192/15860","4423","Conference Carolinas",2,2022,"15860"
"537","UNC Pembroke","/team/537/15860","4423","Conference Carolinas",2,2022,"15860"
"985","Bluefield St.","/team/985/15860","99010","DII Independent",2,2022,"15860"
"216","Emory & Henry","/team/216/15860","99010","DII Independent",2,2022,"15860"
"19117","Salem (WV)","/team/19117/15860","99010","DII Independent",2,2022,"15860"
"743","Virginia St.","/team/743/15860","99010","DII Independent",2,2022,"15860"
"74","Bridgeport","/team/74/15860","11265","ECC",2,2022,"15860"
"1059","D'Youville","/team/1059/15860","11265","ECC",2,2022,"15860"
"357","Lincoln (PA)","/team/357/15860","11265","ECC",2,2022,"15860"
"407","Mercy","/team/407/15860","11265","ECC",2,2022,"15860"
"437","Molloy","/team/437/15860","11265","ECC",2,2022,"15860"
"560","Queens (NY)","/team/560/15860","11265","ECC",2,2022,"15860"
"1348","St. Thomas Aquinas","/team/1348/15860","11265","ECC",2,2022,"15860"
"675","Staten Island","/team/675/15860","11265","ECC",2,2022,"15860"
"35","Ashland","/team/35/15860","30182","G-MAC",2,2022,"15860"
"30124","Cedarville","/team/30124/15860","30182","G-MAC",2,2022,"15860"
"1079","Findlay","/team/1079/15860","30182","G-MAC",2,2022,"15860"
"280","Hillsdale","/team/280/15860","30182","G-MAC",2,2022,"15860"
"333","Ky. Wesleyan","/team/333/15860","30182","G-MAC",2,2022,"15860"
"2746","Lake Erie","/team/2746/15860","30182","G-MAC",2,2022,"15860"
"30137","Malone","/team/30137/15860","30182","G-MAC",2,2022,"15860"
"30119","Ohio Dominican","/team/30119/15860","30182","G-MAC",2,2022,"15860"
"1403","Tiffin","/team/1403/15860","30182","G-MAC",2,2022,"15860"
"30002","Trevecca Nazarene","/team/30002/15860","30182","G-MAC",2,2022,"15860"
"30141","Walsh","/team/30141/15860","30182","G-MAC",2,2022,"15860"
"8411","Ark.-Monticello","/team/8411/15860","30144","GAC",2,2022,"15860"
"947","Arkansas Tech","/team/947/15860","30144","GAC",2,2022,"15860"
"8965","East Central","/team/8965/15860","30144","GAC",2,2022,"15860"
"1116","Harding","/team/1116/15860","30144","GAC",2,2022,"15860"
"1123","Henderson St.","/team/1123/15860","30144","GAC",2,2022,"15860"
"30178","Northwestern Okla.","/team/30178/15860","30144","GAC",2,2022,"15860"
"30202","Okla. Baptist","/team/30202/15860","30144","GAC",2,2022,"15860"
"1289","Ouachita Baptist","/team/1289/15860","30144","GAC",2,2022,"15860"
"1371","Southeastern Okla.","/team/1371/15860","30144","GAC",2,2022,"15860"
"1376","Southern Ark.","/team/1376/15860","30144","GAC",2,2022,"15860"
"30152","Southern Nazarene","/team/30152/15860","30144","GAC",2,2022,"15860"
"8744","Southwestern Okla.","/team/8744/15860","30144","GAC",2,2022,"15860"
"30221","Davenport","/team/30221/15860","854","GLIAC",2,2022,"15860"
"262","Grand Valley St.","/team/262/15860","854","GLIAC",2,2022,"15860"
"510","Northwood","/team/510/15860","854","GLIAC",2,2022,"15860"
"30222","Purdue Northwest","/team/30222/15860","854","GLIAC",2,2022,"15860"
"591","Saginaw Valley","/team/591/15860","854","GLIAC",2,2022,"15860"
"757","Wayne St. (MI)","/team/757/15860","854","GLIAC",2,2022,"15860"
"799","Wis.-Parkside","/team/799/15860","854","GLIAC",2,2022,"15860"
"1057","Drury","/team/1057/15860","855","GLVC",2,2022,"15860"
"30050","Ill. Springfield","/team/30050/15860","855","GLVC",2,2022,"15860"
"354","Lewis","/team/354/15860","855","GLVC",2,2022,"15860"
"30136","Lindenwood","/team/30136/15860","855","GLVC",2,2022,"15860"
"395","Maryville (MO)","/team/395/15860","855","GLVC",2,2022,"15860"
"30138","McKendree","/team/30138/15860","855","GLVC",2,2022,"15860"
"435","Missouri S&T","/team/435/15860","855","GLVC",2,2022,"15860"
"436","Mo.-St. Louis","/team/436/15860","855","GLVC",2,2022,"15860"
"561","Quincy","/team/561/15860","855","GLVC",2,2022,"15860"
"1328","Rockhurst","/team/1328/15860","855","GLVC",2,2022,"15860"
"661","Southern Ind.","/team/661/15860","855","GLVC",2,2022,"15860"
"2755","Southwest Baptist","/team/2755/15860","855","GLVC",2,2022,"15860"
"499","Truman St.","/team/499/15860","855","GLVC",2,2022,"15860"
"309","UIndy","/team/309/15860","855","GLVC",2,2022,"15860"
"30120","William Jewell","/team/30120/15860","855","GLVC",2,2022,"15860"
"1010","Central Wash.","/team/1010/15860","30012","Great Northwest",2,2022,"15860"
"205","Mont. St. Billings","/team/205/15860","30012","Great Northwest",2,2022,"15860"
"1274","Northwest Nazarene","/team/1274/15860","30012","Great Northwest",2,2022,"15860"
"1343","Saint Martin's","/team/1343/15860","30012","Great Northwest",2,2022,"15860"
"1446","Western Ore.","/team/1446/15860","30012","Great Northwest",2,2022,"15860"
"30093","AUM","/team/30093/15860","858","Gulf South",2,2022,"15860"
"10","Alabama Huntsville","/team/10/15860","858","Gulf South",2,2022,"15860"
"1015","Christian Brothers","/team/1015/15860","858","Gulf South",2,2022,"15860"
"181","Delta St.","/team/181/15860","858","Gulf South",2,2022,"15860"
"30013","Lee","/team/30013/15860","858","Gulf South",2,2022,"15860"
"429","Mississippi Col.","/team/429/15860","858","Gulf South",2,2022,"15860"
"1238","Montevallo","/team/1238/15860","858","Gulf South",2,2022,"15860"
"30151","Shorter","/team/30151/15860","858","Gulf South",2,2022,"15860"
"30153","Union (TN)","/team/30153/15860","858","Gulf South",2,2022,"15860"
"734","Valdosta St.","/team/734/15860","858","Gulf South",2,2022,"15860"
"358","West Ala.","/team/358/15860","858","Gulf South",2,2022,"15860"
"11740","West Florida","/team/11740/15860","858","Gulf South",2,2022,"15860"
"766","West Ga.","/team/766/15860","858","Gulf South",2,2022,"15860"
"25","Angelo St.","/team/25/15860","868","Lone Star",2,2022,"15860"
"30105","Ark.-Fort Smith","/team/30105/15860","868","Lone Star",2,2022,"15860"
"996","Cameron","/team/996/15860","868","Lone Star",2,2022,"15860"
"206","Eastern N.M.","/team/206/15860","868","Lone Star",2,2022,"15860"
"30177","Lubbock Christian","/team/30177/15860","868","Lone Star",2,2022,"15860"
"30179","Okla. Christian","/team/30179/15860","868","Lone Star",2,2022,"15860"
"1334","St. Edward's","/team/1334/15860","868","Lone Star",2,2022,"15860"
"1346","St. Mary's (TX)","/team/1346/15860","868","Lone Star",2,2022,"15860"
"30090","Tex. A&M Int'l","/team/30090/15860","868","Lone Star",2,2022,"15860"
"696","Tex. A&M-Kingsville","/team/696/15860","868","Lone Star",2,2022,"15860"
"30088","Tex. Permian Basin","/team/30088/15860","868","Lone Star",2,2022,"15860"
"30028","UT Tyler","/team/30028/15860","868","Lone Star",2,2022,"15860"
"767","West Tex. A&M","/team/767/15860","868","Lone Star",2,2022,"15860"
"934","Alderson Broaddus","/team/934/15860","30183","MEC",2,2022,"15860"
"1013","Charleston (WV)","/team/1013/15860","30183","MEC",2,2022,"15860"
"1028","Concord","/team/1028/15860","30183","MEC",2,2022,"15860"
"174","Davis & Elkins","/team/174/15860","30183","MEC",2,2022,"15860"
"1076","Fairmont St.","/team/1076/15860","30183","MEC",2,2022,"15860"
"243","Frostburg St.","/team/243/15860","30183","MEC",2,2022,"15860"
"1098","Glenville St.","/team/1098/15860","30183","MEC",2,2022,"15860"
"30126","Notre Dame (OH)","/team/30126/15860","30183","MEC",2,2022,"15860"
"1438","West Liberty","/team/1438/15860","30183","MEC",2,2022,"15860"
"9630","West Va. Wesleyan","/team/9630/15860","30183","MEC",2,2022,"15860"
"1439","West Virginia St.","/team/1439/15860","30183","MEC",2,2022,"15860"
"12799","Wheeling","/team/12799/15860","30183","MEC",2,2022,"15860"
"130","Central Mo.","/team/130/15860","883","Mid-America Intercollegiate",2,2022,"15860"
"1009","Central Okla.","/team/1009/15860","883","Mid-America Intercollegiate",2,2022,"15860"
"1071","Emporia St.","/team/1071/15860","883","Mid-America Intercollegiate",2,2022,"15860"
"9011","Fort Hays St.","/team/9011/15860","883","Mid-America Intercollegiate",2,2022,"15860"
"9013","Missouri Western","/team/9013/15860","883","Mid-America Intercollegiate",2,2022,"15860"
"9012","Mo. Southern St.","/team/9012/15860","883","Mid-America Intercollegiate",2,2022,"15860"
"30054","Newman","/team/30054/15860","883","Mid-America Intercollegiate",2,2022,"15860"
"12810","Northeastern St.","/team/12810/15860","883","Mid-America Intercollegiate",2,2022,"15860"
"507","Northwest Mo. St.","/team/507/15860","883","Mid-America Intercollegiate",2,2022,"15860"
"1314","Pittsburg St.","/team/1314/15860","883","Mid-America Intercollegiate",2,2022,"15860"
"30180","Rogers St.","/team/30180/15860","883","Mid-America Intercollegiate",2,2022,"15860"
"2814","Washburn","/team/2814/15860","883","Mid-America Intercollegiate",2,2022,"15860"
"3","Adelphi","/team/3/15860","899","NE10",2,2022,"15860"
"22","American Int'l","/team/22/15860","899","NE10",2,2022,"15860"
"36","Assumption","/team/36/15860","899","NE10",2,2022,"15860"
"56","Bentley","/team/56/15860","899","NE10",2,2022,"15860"
"241","Franklin Pierce","/team/241/15860","899","NE10",2,2022,"15860"
"349","Le Moyne","/team/349/15860","899","NE10",2,2022,"15860"
"470","New Haven","/team/470/15860","899","NE10",2,2022,"15860"
"533","Pace","/team/533/15860","899","NE10",2,2022,"15860"
"613","Saint Michael's","/team/613/15860","899","NE10",2,2022,"15860"
"1347","Saint Rose","/team/1347/15860","899","NE10",2,2022,"15860"
"658","Southern Conn. St.","/team/658/15860","899","NE10",2,2022,"15860"
"468","Southern N.H.","/team/468/15860","899","NE10",2,2022,"15860"
"593","St. Anselm","/team/593/15860","899","NE10",2,2022,"15860"
"682","Stonehill","/team/682/15860","899","NE10",2,2022,"15860"
"41","Augustana (SD)","/team/41/15860","12853","NSIC",2,2022,"15860"
"54","Bemidji St.","/team/54/15860","12853","NSIC",2,2022,"15860"
"9081","Concordia-St. Paul","/team/9081/15860","12853","NSIC",2,2022,"15860"
"30075","Mary","/team/30075/15860","12853","NSIC",2,2022,"15860"
"427","Minn. Duluth","/team/427/15860","12853","NSIC",2,2022,"15860"
"27854","Minn.-Crookston","/team/27854/15860","12853","NSIC",2,2022,"15860"
"383","Minnesota St.","/team/383/15860","12853","NSIC",2,2022,"15860"
"30125","Minot St.","/team/30125/15860","12853","NSIC",2,2022,"15860"
"1266","Northern St.","/team/1266/15860","12853","NSIC",2,2022,"15860"
"30128","Sioux Falls","/team/30128/15860","12853","NSIC",2,2022,"15860"
"8736","Southwest Minn. St.","/team/8736/15860","12853","NSIC",2,2022,"15860"
"598","St. Cloud St.","/team/598/15860","12853","NSIC",2,2022,"15860"
"728","Upper Iowa","/team/728/15860","12853","NSIC",2,2022,"15860"
"1433","Wayne St. (NE)","/team/1433/15860","12853","NSIC",2,2022,"15860"
"790","Winona St.","/team/790/15860","12853","NSIC",2,2022,"15860"
"65","Bloomsburg","/team/65/15860","906","PSAC",2,2022,"15860"
"106","California (PA)","/team/106/15860","906","PSAC",2,2022,"15860"
"143","Clarion","/team/143/15860","906","PSAC",2,2022,"15860"
"197","East Stroudsburg","/team/197/15860","906","PSAC",2,2022,"15860"
"246","Gannon","/team/246/15860","906","PSAC",2,2022,"15860"
"307","Indiana (PA)","/team/307/15860","906","PSAC",2,2022,"15860"
"339","Kutztown","/team/339/15860","906","PSAC",2,2022,"15860"
"360","Lock Haven","/team/360/15860","906","PSAC",2,2022,"15860"
"384","Mansfield","/team/384/15860","906","PSAC",2,2022,"15860"
"408","Mercyhurst","/team/408/15860","906","PSAC",2,2022,"15860"
"423","Millersville","/team/423/15860","906","PSAC",2,2022,"15860"
"546","Pitt.-Johnstown","/team/546/15860","906","PSAC",2,2022,"15860"
"30063","Seton Hill","/team/30063/15860","906","PSAC",2,2022,"15860"
"10870","Shepherd","/team/10870/15860","906","PSAC",2,2022,"15860"
"638","Shippensburg","/team/638/15860","906","PSAC",2,2022,"15860"
"643","Slippery Rock","/team/643/15860","906","PSAC",2,2022,"15860"
"765","West Chester","/team/765/15860","906","PSAC",2,2022,"15860"
"30123","Academy of Art","/team/30123/15860","19591","PacWest",2,2022,"15860"
"30146","Azusa Pacific","/team/30146/15860","19591","PacWest",2,2022,"15860"
"30220","Biola","/team/30220/15860","19591","PacWest",2,2022,"15860"
"30199","CUI","/team/30199/15860","19591","PacWest",2,2022,"15860"
"30147","Fresno Pacific","/team/30147/15860","19591","PacWest",2,2022,"15860"
"2697","Hawaii Hilo","/team/2697/15860","19591","PacWest",2,2022,"15860"
"2696","Hawaii Pacific","/team/2696/15860","19591","PacWest",2,2022,"15860"
"30175","Holy Names","/team/30175/15860","19591","PacWest",2,2022,"15860"
"30149","Point Loma","/team/30149/15860","19591","PacWest",2,2022,"15860"
"39","Augusta","/team/39/15860","12923","Peach Belt",2,2022,"15860"
"30058","Claflin","/team/30058/15860","12923","Peach Belt",2,2022,"15860"
"159","Columbus St.","/team/159/15860","12923","Peach Belt",2,2022,"15860"
"30092","Flagler","/team/30092/15860","12923","Peach Belt",2,2022,"15860"
"1097","Ga. Southwestern","/team/1097/15860","12923","Peach Belt",2,2022,"15860"
"1096","Georgia College","/team/1096/15860","12923","Peach Belt",2,2022,"15860"
"1167","Lander","/team/1167/15860","12923","Peach Belt",2,2022,"15860"
"30052","North Georgia","/team/30052/15860","12923","Peach Belt",2,2022,"15860"
"11276","USC Aiken","/team/11276/15860","12923","Peach Belt",2,2022,"15860"
"30154","Young Harris","/team/30154/15860","12923","Peach Belt",2,2022,"15860"
"929","Adams St.","/team/929/15860","13128","RMAC",2,2022,"15860"
"2720","CSU Pueblo","/team/2720/15860","13128","RMAC",2,2022,"15860"
"11403","Colo. Christian","/team/11403/15860","13128","RMAC",2,2022,"15860"
"155","Colo. Sch. of Mines","/team/155/15860","13128","RMAC",2,2022,"15860"
"11416","Colorado Mesa","/team/11416/15860","13128","RMAC",2,2022,"15860"
"413","MSU Denver","/team/413/15860","13128","RMAC",2,2022,"15860"
"8577","N.M. Highlands","/team/8577/15860","13128","RMAC",2,2022,"15860"
"568","Regis (CO)","/team/568/15860","13128","RMAC",2,2022,"15860"
"9754","UC-Colo. Springs","/team/9754/15860","13128","RMAC",2,2022,"15860"
"13028","Anderson (SC)","/team/13028/15860","12850","SAC",2,2022,"15860"
"1000","Carson-Newman","/team/1000/15860","12850","SAC",2,2022,"15860"
"1001","Catawba","/team/1001/15860","12850","SAC",2,2022,"15860"
"1023","Coker","/team/1023/15860","12850","SAC",2,2022,"15860"
"1170","Lenoir-Rhyne","/team/1170/15860","12850","SAC",2,2022,"15860"
"1174","Limestone","/team/1174/15860","12850","SAC",2,2022,"15860"
"1176","Lincoln Memorial","/team/1176/15860","12850","SAC",2,2022,"15860"
"1199","Mars Hill","/team/1199/15860","12850","SAC",2,2022,"15860"
"1257","Newberry","/team/1257/15860","12850","SAC",2,2022,"15860"
"11504","Queens (NC)","/team/11504/15860","12850","SAC",2,2022,"15860"
"12830","Tusculum","/team/12830/15860","12850","SAC",2,2022,"15860"
"30181","UVA Wise","/team/30181/15860","12850","SAC",2,2022,"15860"
"1462","Wingate","/team/1462/15860","12850","SAC",2,2022,"15860"
"13","Albany St. (GA)","/team/13/15860","913","SIAC",2,2022,"15860"
"55","Benedict","/team/55/15860","913","SIAC",2,2022,"15860"
"144","Clark Atlanta","/team/144/15860","913","SIAC",2,2022,"15860"
"30244","Edward Waters","/team/30244/15860","913","SIAC",2,2022,"15860"
"332","Kentucky St.","/team/332/15860","913","SIAC",2,2022,"15860"
"347","Lane","/team/347/15860","913","SIAC",2,2022,"15860"
"350","LeMoyne-Owen","/team/350/15860","913","SIAC",2,2022,"15860"
"422","Miles","/team/422/15860","913","SIAC",2,2022,"15860"
"445","Morehouse","/team/445/15860","913","SIAC",2,2022,"15860"
"632","Savannah St.","/team/632/15860","913","SIAC",2,2022,"15860"
"30191","Spring Hill","/team/30191/15860","913","SIAC",2,2022,"15860"
"720","Tuskegee","/team/720/15860","913","SIAC",2,2022,"15860"
"49","Barry","/team/49/15860","919","Sunshine State",2,2022,"15860"
"208","Eckerd","/team/208/15860","919","Sunshine State",2,2022,"15860"
"9680","Embry-Riddle (FL)","/team/9680/15860","919","Sunshine State",2,2022,"15860"
"233","Fla. Southern","/team/233/15860","919","Sunshine State",2,2022,"15860"
"230","Florida Tech","/team/230/15860","919","Sunshine State",2,2022,"15860"
"20794","Lynn","/team/20794/15860","919","Sunshine State",2,2022,"15860"
"24639","Nova Southeastern","/team/24639/15860","919","Sunshine State",2,2022,"15860"
"30045","Palm Beach Atl.","/team/30045/15860","919","Sunshine State",2,2022,"15860"
"584","Rollins","/team/584/15860","919","Sunshine State",2,2022,"15860"
"608","Saint Leo","/team/608/15860","919","Sunshine State",2,2022,"15860"
"689","Tampa","/team/689/15860","919","Sunshine State",2,2022,"15860"
"30170","Alfred St.","/team/30170/15860","30022","AMCC",3,2022,"15860"
"8398","Hilbert","/team/8398/15860","30022","AMCC",3,2022,"15860"
"1163","La Roche","/team/1163/15860","30022","AMCC",3,2022,"15860"
"23725","Medaille","/team/23725/15860","30022","AMCC",3,2022,"15860"
"30036","Mount Aloysius","/team/30036/15860","30022","AMCC",3,2022,"15860"
"25719","Penn St.-Altoona","/team/25719/15860","30022","AMCC",3,2022,"15860"
"538","Penn St.-Behrend","/team/538/15860","30022","AMCC",3,2022,"15860"
"1315","Pitt.-Bradford","/team/1315/15860","30022","AMCC",3,2022,"15860"
"11839","Pitt.-Greensburg","/team/11839/15860","30022","AMCC",3,2022,"15860"
"30197","Belhaven","/team/30197/15860","14825","ASC",3,2022,"15860"
"24400","Concordia (TX)","/team/24400/15860","14825","ASC",3,2022,"15860"
"1062","East Tex. Baptist","/team/1062/15860","14825","ASC",3,2022,"15860"
"271","Hardin-Simmons","/team/271/15860","14825","ASC",3,2022,"15860"
"2741","Howard Payne","/team/2741/15860","14825","ASC",3,2022,"15860"
"8490","LeTourneau","/team/8490/15860","14825","ASC",3,2022,"15860"
"1203","Mary Hardin-Baylor","/team/1203/15860","14825","ASC",3,2022,"15860"
"8530","McMurry","/team/8530/15860","14825","ASC",3,2022,"15860"
"23008","Ozarks (AR)","/team/23008/15860","14825","ASC",3,2022,"15860"
"1390","Sul Ross St.","/team/1390/15860","14825","ASC",3,2022,"15860"
"23121","Texas-Dallas","/team/23121/15860","14825","ASC",3,2022,"15860"
"84","Buena Vista","/team/84/15860","864","American Rivers",3,2022,"15860"
"126","Central (IA)","/team/126/15860","864","American Rivers",3,2022,"15860"
"150","Coe","/team/150/15860","864","American Rivers",3,2022,"15860"
"192","Dubuque","/team/192/15860","864","American Rivers",3,2022,"15860"
"364","Loras","/team/364/15860","864","American Rivers",3,2022,"15860"
"372","Luther","/team/372/15860","864","American Rivers",3,2022,"15860"
"462","Neb. Wesleyan","/team/462/15860","864","American Rivers",3,2022,"15860"
"641","Simpson","/team/641/15860","864","American Rivers",3,2022,"15860"
"750","Wartburg","/team/750/15860","864","American Rivers",3,2022,"15860"
"88","Cabrini","/team/88/15860","30233","Atlantic East",3,2022,"15860"
"12884","Centenary (NJ)","/team/12884/15860","30233","Atlantic East",3,2022,"15860"
"12399","Gwynedd Mercy","/team/12399/15860","30233","Atlantic East",3,2022,"15860"
"303","Immaculata","/team/303/15860","30233","Atlantic East",3,2022,"15860"
"394","Marymount (VA)","/team/394/15860","30233","Atlantic East",3,2022,"15860"
"397","Marywood","/team/397/15860","30233","Atlantic East",3,2022,"15860"
"1254","Neumann","/team/1254/15860","30233","Atlantic East",3,2022,"15860"
"139","Chris. Newport","/team/139/15860","15810","C2C",3,2022,"15860"
"390","Mary Washington","/team/390/15860","15810","C2C",3,2022,"15860"
"622","Salisbury","/team/622/15860","15810","C2C",3,2022,"15860"
"611","St. Mary's (MD)","/team/611/15860","15810","C2C",3,2022,"15860"
"170","Curry","/team/170/15860","839","CCC",3,2022,"15860"
"8981","Endicott","/team/8981/15860","839","CCC",3,2022,"15860"
"1099","Gordon","/team/1099/15860","839","CCC",3,2022,"15860"
"484","Nichols","/team/484/15860","839","CCC",3,2022,"15860"
"583","Roger Williams","/team/583/15860","839","CCC",3,2022,"15860"
"623","Salve Regina","/team/623/15860","839","CCC",3,2022,"15860"
"684","Suffolk","/team/684/15860","839","CCC",3,2022,"15860"
"762","Wentworth","/team/762/15860","839","CCC",3,2022,"15860"
"775","Western New Eng.","/team/775/15860","839","CCC",3,2022,"15860"
"40","Augustana (IL)","/team/40/15860","836","CCIW",3,2022,"15860"
"120","Carroll (WI)","/team/120/15860","836","CCIW",3,2022,"15860"
"121","Carthage","/team/121/15860","836","CCIW",3,2022,"15860"
"212","Elmhurst","/team/212/15860","836","CCIW",3,2022,"15860"
"300","Ill. Wesleyan","/team/300/15860","836","CCIW",3,2022,"15860"
"424","Millikin","/team/424/15860","836","CCIW",3,2022,"15860"
"492","North Central (IL)","/team/492/15860","836","CCIW",3,2022,"15860"
"496","North Park","/team/496/15860","836","CCIW",3,2022,"15860"
"778","Wheaton (IL)","/team/778/15860","836","CCIW",3,2022,"15860"
"1305","Cairn","/team/1305/15860","21062","CSAC",3,2022,"15860"
"958","Clarks Summit","/team/958/15860","21062","CSAC",3,2022,"15860"
"30047","Keystone","/team/30047/15860","21062","CSAC",3,2022,"15860"
"15882","Rosemont","/team/15882/15860","21062","CSAC",3,2022,"15860"
"9684","Saint Elizabeth","/team/9684/15860","21062","CSAC",3,2022,"15860"
"30166","Valley Forge","/team/30166/15860","21062","CSAC",3,2022,"15860"
"12973","Wilson","/team/12973/15860","21062","CSAC",3,2022,"15860"
"58","Baruch","/team/58/15860","834","CUNYAC",3,2022,"15860"
"480","CCNY","/team/480/15860","834","CUNYAC",3,2022,"15860"
"321","John Jay","/team/321/15860","834","CUNYAC",3,2022,"15860"
"279","Lehman","/team/279/15860","834","CUNYAC",3,2022,"15860"
"185","Dickinson","/team/185/15860","9683","Centennial",3,2022,"15860"
"239","Franklin & Marshall","/team/239/15860","9683","Centennial",3,2022,"15860"
"258","Gettysburg","/team/258/15860","9683","Centennial",3,2022,"15860"
"276","Haverford","/team/276/15860","9683","Centennial",3,2022,"15860"
"322","Johns Hopkins","/team/322/15860","9683","Centennial",3,2022,"15860"
"773","McDaniel","/team/773/15860","9683","Centennial",3,2022,"15860"
"453","Muhlenberg","/team/453/15860","9683","Centennial",3,2022,"15860"
"686","Swarthmore","/team/686/15860","9683","Centennial",3,2022,"15860"
"730","Ursinus","/team/730/15860","9683","Centennial",3,2022,"15860"
"753","Washington Col.","/team/753/15860","9683","Centennial",3,2022,"15860"
"30243","Asbury","/team/30243/15860","99020","DIII Independent",3,2022,"15860"
"30232","Bob Jones","/team/30232/15860","99020","DIII Independent",3,2022,"15860"
"431","MUW","/team/431/15860","99020","DIII Independent",3,2022,"15860"
"1194","Maranatha Baptist","/team/1194/15860","99020","DIII Independent",3,2022,"15860"
"213","Elmira","/team/213/15860","863","Empire 8",3,2022,"15860"
"30160","Houghton","/team/30160/15860","863","Empire 8",3,2022,"15860"
"1159","Keuka","/team/1159/15860","863","Empire 8",3,2022,"15860"
"11036","Russell Sage","/team/11036/15860","863","Empire 8",3,2022,"15860"
"601","St. John Fisher","/team/601/15860","863","Empire 8",3,2022,"15860"
"733","Utica","/team/733/15860","863","Empire 8",3,2022,"15860"
"2798","Albertus Magnus","/team/2798/15860","23257","Great Northeast",3,2022,"15860"
"26","Anna Maria","/team/26/15860","23257","Great Northeast",3,2022,"15860"
"152","Colby-Sawyer","/team/152/15860","23257","Great Northeast",3,2022,"15860"
"30219","Dean","/team/30219/15860","23257","Great Northeast",3,2022,"15860"
"532","Elms","/team/532/15860","23257","Great Northeast",3,2022,"15860"
"22626","JWU (Providence)","/team/22626/15860","23257","Great Northeast",3,2022,"15860"
"8486","Lasell","/team/8486/15860","23257","Great Northeast",3,2022,"15860"
"511","Norwich","/team/511/15860","23257","Great Northeast",3,2022,"15860"
"18422","Rivier","/team/18422/15860","23257","Great Northeast",3,2022,"15860"
"605","St. Joseph's (ME)","/team/605/15860","23257","Great Northeast",3,2022,"15860"
"939","Anderson (IN)","/team/939/15860","9174","HCAC",3,2022,"15860"
"987","Bluffton","/team/987/15860","9174","HCAC",3,2022,"15860"
"1050","Defiance","/team/1050/15860","9174","HCAC",3,2022,"15860"
"195","Earlham","/team/195/15860","9174","HCAC",3,2022,"15860"
"2694","Franklin","/team/2694/15860","9174","HCAC",3,2022,"15860"
"1115","Hanover","/team/1115/15860","9174","HCAC",3,2022,"15860"
"1192","Manchester","/team/1192/15860","9174","HCAC",3,2022,"15860"
"8567","Mt. St. Joseph","/team/8567/15860","9174","HCAC",3,2022,"15860"
"585","Rose-Hulman","/team/585/15860","9174","HCAC",3,2022,"15860"
"28749","Transylvania","/team/28749/15860","9174","HCAC",3,2022,"15860"
"124","Catholic","/team/124/15860","30101","Landmark",3,2022,"15860"
"190","Drew","/team/190/15860","30101","Landmark",3,2022,"15860"
"211","Elizabethtown","/team/211/15860","30101","Landmark",3,2022,"15860"
"325","Juniata","/team/325/15860","30101","Landmark",3,2022,"15860"
"443","Moravian","/team/443/15860","30101","Landmark",3,2022,"15860"
"633","Scranton","/team/633/15860","30101","Landmark",3,2022,"15860"
"685","Susquehanna","/team/685/15860","30101","Landmark",3,2022,"15860"
"962","Bard","/team/962/15860","24197","Liberty League",3,2022,"15860"
"146","Clarkson","/team/146/15860","24197","Liberty League",3,2022,"15860"
"313","Ithaca","/team/313/15860","24197","Liberty League",3,2022,"15860"
"580","RIT","/team/580/15860","24197","Liberty League",3,2022,"15860"
"570","Rensselaer","/team/570/15860","24197","Liberty League",3,2022,"15860"
"581","Rochester (NY)","/team/581/15860","24197","Liberty League",3,2022,"15860"
"642","Skidmore","/team/642/15860","24197","Liberty League",3,2022,"15860"
"607","St. Lawrence","/team/607/15860","24197","Liberty League",3,2022,"15860"
"727","Union (NY)","/team/727/15860","24197","Liberty League",3,2022,"15860"
"737","Vassar","/team/737/15860","24197","Liberty League",3,2022,"15860"
"123","Castleton","/team/123/15860","867","Little East",3,2022,"15860"
"200","Eastern Conn. St.","/team/200/15860","867","Little East",3,2022,"15860"
"330","Keene St.","/team/330/15860","867","Little East",3,2022,"15860"
"548","Plymouth St.","/team/548/15860","867","Little East",3,2022,"15860"
"571","Rhode Island Col.","/team/571/15860","867","Little East",3,2022,"15860"
"662","Southern Me.","/team/662/15860","867","Little East",3,2022,"15860"
"401","UMass Boston","/team/401/15860","867","Little East",3,2022,"15860"
"656","UMass Dartmouth","/team/656/15860","867","Little East",3,2022,"15860"
"770","WestConn","/team/770/15860","867","Little East",3,2022,"15860"
"16","Albright","/team/16/15860","28744","MAC Commonwealth",3,2022,"15860"
"938","Alvernia","/team/938/15860","28744","MAC Commonwealth",3,2022,"15860"
"8968","Eastern","/team/8968/15860","28744","MAC Commonwealth",3,2022,"15860"
"8404","Hood","/team/8404/15860","28744","MAC Commonwealth",3,2022,"15860"
"351","Lebanon Valley","/team/351/15860","28744","MAC Commonwealth",3,2022,"15860"
"411","Messiah","/team/411/15860","28744","MAC Commonwealth",3,2022,"15860"
"21852","Stevenson","/team/21852/15860","28744","MAC Commonwealth",3,2022,"15860"
"783","Widener","/team/783/15860","28744","MAC Commonwealth",3,2022,"15860"
"815","York (PA)","/team/815/15860","28744","MAC Commonwealth",3,2022,"15860"
"966","Arcadia","/team/966/15860","28745","MAC Freedom",3,2022,"15860"
"20","DeSales","/team/20/15860","28745","MAC Freedom",3,2022,"15860"
"179","Delaware Valley","/team/179/15860","28745","MAC Freedom",3,2022,"15860"
"221","FDU-Florham","/team/221/15860","28745","MAC Freedom",3,2022,"15860"
"336","King's (PA)","/team/336/15860","28745","MAC Freedom",3,2022,"15860"
"16142","Misericordia","/team/16142/15860","28745","MAC Freedom",3,2022,"15860"
"679","Stevens","/team/679/15860","28745","MAC Freedom",3,2022,"15860"
"784","Wilkes","/team/784/15860","28745","MAC Freedom",3,2022,"15860"
"76","Bridgewater St.","/team/76/15860","870","MASCAC",3,2022,"15860"
"227","Fitchburg St.","/team/227/15860","870","MASCAC",3,2022,"15860"
"238","Framingham St.","/team/238/15860","870","MASCAC",3,2022,"15860"
"486","MCLA","/team/486/15860","870","MASCAC",3,2022,"15860"
"399","Mass. Maritime","/team/399/15860","870","MASCAC",3,2022,"15860"
"621","Salem St.","/team/621/15860","870","MASCAC",3,2022,"15860"
"777","Westfield St.","/team/777/15860","870","MASCAC",3,2022,"15860"
"809","Worcester St.","/team/809/15860","870","MASCAC",3,2022,"15860"
"38","Augsburg","/team/38/15860","882","MIAC",3,2022,"15860"
"60","Bethel (MN)","/team/60/15860","882","MIAC",3,2022,"15860"
"118","Carleton","/team/118/15860","882","MIAC",3,2022,"15860"
"161","Concordia-M'head","/team/161/15860","882","MIAC",3,2022,"15860"
"266","Gust. Adolphus","/team/266/15860","882","MIAC",3,2022,"15860"
"268","Hamline","/team/268/15860","882","MIAC",3,2022,"15860"
"376","Macalester","/team/376/15860","882","MIAC",3,2022,"15860"
"602","Saint John's (MN)","/team/602/15860","882","MIAC",3,2022,"15860"
"612","Saint Mary's (MN)","/team/612/15860","882","MIAC",3,2022,"15860"
"615","St. Olaf","/team/615/15860","882","MIAC",3,2022,"15860"
"618","St. Scholastica","/team/618/15860","882","MIAC",3,2022,"15860"
"53","Beloit","/team/53/15860","23119","MWC",3,2022,"15860"
"166","Cornell College","/team/166/15860","23119","MWC",3,2022,"15860"
"264","Grinnell","/team/264/15860","23119","MWC",3,2022,"15860"
"297","Illinois Col.","/team/297/15860","23119","MWC",3,2022,"15860"
"337","Knox","/team/337/15860","23119","MWC",3,2022,"15860"
"348","Lawrence","/team/348/15860","23119","MWC",3,2022,"15860"
"438","Monmouth (IL)","/team/438/15860","23119","MWC",3,2022,"15860"
"577","Ripon","/team/577/15860","23119","MWC",3,2022,"15860"
"137","UChicago","/team/137/15860","23119","MWC",3,2022,"15860"
"4","Adrian","/team/4/15860","873","Michigan Intercol. Ath. Assn.",3,2022,"15860"
"15","Albion","/team/15/15860","873","Michigan Intercol. Ath. Assn.",3,2022,"15860"
"21","Alma","/team/21/15860","873","Michigan Intercol. Ath. Assn.",3,2022,"15860"
"114","Calvin","/team/114/15860","873","Michigan Intercol. Ath. Assn.",3,2022,"15860"
"286","Hope","/team/286/15860","873","Michigan Intercol. Ath. Assn.",3,2022,"15860"
"326","Kalamazoo","/team/326/15860","873","Michigan Intercol. Ath. Assn.",3,2022,"15860"
"525","Olivet","/team/525/15860","873","Michigan Intercol. Ath. Assn.",3,2022,"15860"
"30037","Trine","/team/30037/15860","873","Michigan Intercol. Ath. Assn.",3,2022,"15860"
"42","Aurora","/team/42/15860","30097","NACC",3,2022,"15860"
"296","Benedictine (IL)","/team/296/15860","30097","NACC",3,2022,"15860"
"160","Concordia Chicago","/team/160/15860","30097","NACC",3,2022,"15860"
"1036","Concordia Wisconsin","/team/1036/15860","30097","NACC",3,2022,"15860"
"1332","Dominican (IL)","/team/1332/15860","30097","NACC",3,2022,"15860"
"1066","Edgewood","/team/1066/15860","30097","NACC",3,2022,"15860"
"30172","IIT","/team/30172/15860","30097","NACC",3,2022,"15860"
"1164","Lakeland","/team/1164/15860","30097","NACC",3,2022,"15860"
"20220","MSOE","/team/20220/15860","30097","NACC",3,2022,"15860"
"1196","Marian (WI)","/team/1196/15860","30097","NACC",3,2022,"15860"
"582","Rockford","/team/582/15860","30097","NACC",3,2022,"15860"
"614","St. Norbert","/team/614/15860","30097","NACC",3,2022,"15860"
"8911","Wis. Lutheran","/team/8911/15860","30097","NACC",3,2022,"15860"
"19","Allegheny","/team/19/15860","897","NCAC",3,2022,"15860"
"177","DePauw","/team/177/15860","897","NCAC",3,2022,"15860"
"182","Denison","/team/182/15860","897","NCAC",3,2022,"15860"
"281","Hiram","/team/281/15860","897","NCAC",3,2022,"15860"
"335","Kenyon","/team/335/15860","897","NCAC",3,2022,"15860"
"515","Oberlin","/team/515/15860","897","NCAC",3,2022,"15860"
"520","Ohio Wesleyan","/team/520/15860","897","NCAC",3,2022,"15860"
"747","Wabash","/team/747/15860","897","NCAC",3,2022,"15860"
"806","Wittenberg","/team/806/15860","897","NCAC",3,2022,"15860"
"807","Wooster","/team/807/15860","897","NCAC",3,2022,"15860"
"1064","Eastern Nazarene","/team/1064/15860","888","NECC",3,2022,"15860"
"24317","Lesley","/team/24317/15860","888","NECC",3,2022,"15860"
"30042","Mitchell","/team/30042/15860","888","NECC",3,2022,"15860"
"467","New England Col.","/team/467/15860","888","NECC",3,2022,"15860"
"24","Amherst","/team/24/15860","12817","NESCAC",3,2022,"15860"
"50","Bates","/team/50/15860","12817","NESCAC",3,2022,"15860"
"69","Bowdoin","/team/69/15860","12817","NESCAC",3,2022,"15860"
"151","Colby","/team/151/15860","12817","NESCAC",3,2022,"15860"
"267","Hamilton","/team/267/15860","12817","NESCAC",3,2022,"15860"
"420","Middlebury","/team/420/15860","12817","NESCAC",3,2022,"15860"
"713","Trinity (CT)","/team/713/15860","12817","NESCAC",3,2022,"15860"
"717","Tufts","/team/717/15860","12817","NESCAC",3,2022,"15860"
"764","Wesleyan (CT)","/team/764/15860","12817","NESCAC",3,2022,"15860"
"789","Williams","/team/789/15860","12817","NESCAC",3,2022,"15860"
"45","Babson","/team/45/15860","890","NEWMAC",3,2022,"15860"
"145","Clark (MA)","/team/145/15860","890","NEWMAC",3,2022,"15860"
"722","Coast Guard","/team/722/15860","890","NEWMAC",3,2022,"15860"
"214","Emerson","/team/214/15860","890","NEWMAC",3,2022,"15860"
"398","MIT","/team/398/15860","890","NEWMAC",3,2022,"15860"
"673","Springfield","/team/673/15860","890","NEWMAC",3,2022,"15860"
"808","WPI","/team/808/15860","890","NEWMAC",3,2022,"15860"
"779","Wheaton (MA)","/team/779/15860","890","NEWMAC",3,2022,"15860"
"329","Kean","/team/329/15860","891","NJAC",3,2022,"15860"
"442","Montclair St.","/team/442/15860","891","NJAC",3,2022,"15860"
"319","New Jersey City","/team/319/15860","891","NJAC",3,2022,"15860"
"564","Ramapo","/team/564/15860","891","NJAC",3,2022,"15860"
"259","Rowan","/team/259/15860","891","NJAC",3,2022,"15860"
"588","Rutgers-Camden","/team/588/15860","891","NJAC",3,2022,"15860"
"589","Rutgers-Newark","/team/589/15860","891","NJAC",3,2022,"15860"
"681","Stockton","/team/681/15860","891","NJAC",3,2022,"15860"
"712","TCNJ","/team/712/15860","891","NJAC",3,2022,"15860"
"787","Wm. Paterson","/team/787/15860","891","NJAC",3,2022,"15860"
"1094","George Fox","/team/1094/15860","25300","NWC",3,2022,"15860"
"22235","Lewis & Clark","/team/22235/15860","25300","NWC",3,2022,"15860"
"1179","Linfield","/team/1179/15860","25300","NWC",3,2022,"15860"
"2751","Pacific (OR)","/team/2751/15860","25300","NWC",3,2022,"15860"
"1297","Pacific Lutheran","/team/1297/15860","25300","NWC",3,2022,"15860"
"557","Puget Sound","/team/557/15860","25300","NWC",3,2022,"15860"
"780","Whitman","/team/780/15860","25300","NWC",3,2022,"15860"
"1454","Whitworth","/team/1454/15860","25300","NWC",3,2022,"15860"
"785","Willamette","/team/785/15860","25300","NWC",3,2022,"15860"
"23624","Cazenovia","/team/23624/15860","30026","North Atlantic",3,2022,"15860"
"30083","Cobleskill St.","/team/30083/15860","30026","North Atlantic",3,2022,"15860"
"1133","Husson","/team/1133/15860","30026","North Atlantic",3,2022,"15860"
"379","Me.-Farmington","/team/379/15860","30026","North Atlantic",3,2022,"15860"
"30040","Me.-Presque Isle","/team/30040/15860","30026","North Atlantic",3,2022,"15860"
"30065","NVU-Lyndon","/team/30065/15860","30026","North Atlantic",3,2022,"15860"
"30165","SUNY Canton","/team/30165/15860","30026","North Atlantic",3,2022,"15860"
"9500","SUNY Poly","/team/9500/15860","30026","North Atlantic",3,2022,"15860"
"2758","Thomas (ME)","/team/2758/15860","30026","North Atlantic",3,2022,"15860"
"46","Baldwin Wallace","/team/46/15860","901","OAC",3,2022,"15860"
"117","Capital","/team/117/15860","901","OAC",3,2022,"15860"
"278","Heidelberg","/team/278/15860","901","OAC",3,2022,"15860"
"320","John Carroll","/team/320/15860","901","OAC",3,2022,"15860"
"385","Marietta","/team/385/15860","901","OAC",3,2022,"15860"
"452","Mount Union","/team/452/15860","901","OAC",3,2022,"15860"
"455","Muskingum","/team/455/15860","901","OAC",3,2022,"15860"
"517","Ohio Northern","/team/517/15860","901","OAC",3,2022,"15860"
"531","Otterbein","/team/531/15860","901","OAC",3,2022,"15860"
"1461","Wilmington (OH)","/team/1461/15860","901","OAC",3,2022,"15860"
"75","Bridgewater (VA)","/team/75/15860","903","ODAC",3,2022,"15860"
"203","East. Mennonite","/team/203/15860","903","ODAC",3,2022,"15860"
"225","Ferrum","/team/225/15860","903","ODAC",3,2022,"15860"
"1112","Guilford","/team/1112/15860","903","ODAC",3,2022,"15860"
"269","Hampden-Sydney","/team/269/15860","903","ODAC",3,2022,"15860"
"374","Lynchburg","/team/374/15860","903","ODAC",3,2022,"15860"
"565","Randolph-Macon","/team/565/15860","903","ODAC",3,2022,"15860"
"578","Roanoke","/team/578/15860","903","ODAC",3,2022,"15860"
"637","Shenandoah","/team/637/15860","903","ODAC",3,2022,"15860"
"745","Va. Wesleyan","/team/745/15860","903","ODAC",3,2022,"15860"
"752","Wash. & Lee","/team/752/15860","903","ODAC",3,2022,"15860"
"59","Bethany (WV)","/team/59/15860","907","PAC",3,2022,"15860"
"10972","Chatham","/team/10972/15860","907","PAC",3,2022,"15860"
"30069","Franciscan","/team/30069/15860","907","PAC",3,2022,"15860"
"30084","Geneva","/team/30084/15860","907","PAC",3,2022,"15860"
"265","Grove City","/team/265/15860","907","PAC",3,2022,"15860"
"30064","Saint Vincent","/team/30064/15860","907","PAC",3,2022,"15860"
"707","Thiel","/team/707/15860","907","PAC",3,2022,"15860"
"751","Wash. & Jeff.","/team/751/15860","907","PAC",3,2022,"15860"
"1434","Waynesburg","/team/1434/15860","907","PAC",3,2022,"15860"
"1451","Westminster (PA)","/team/1451/15860","907","PAC",3,2022,"15860"
"973","Berry","/team/973/15860","30169","SAA",3,2022,"15860"
"28593","Birmingham-So.","/team/28593/15860","30169","SAA",3,2022,"15860"
"132","Centre","/team/132/15860","30169","SAA",3,2022,"15860"
"1124","Hendrix","/team/1124/15860","30169","SAA",3,2022,"15860"
"426","Millsaps","/team/426/15860","30169","SAA",3,2022,"15860"
"2713","Oglethorpe","/team/2713/15860","30169","SAA",3,2022,"15860"
"573","Rhodes","/team/573/15860","30169","SAA",3,2022,"15860"
"652","Sewanee","/team/652/15860","30169","SAA",3,2022,"15860"
"953","Austin","/team/953/15860","835","SCAC",3,2022,"15860"
"125","Centenary (LA)","/team/125/15860","835","SCAC",3,2022,"15860"
"1044","Dallas","/team/1044/15860","835","SCAC",3,2022,"15860"
"1355","Schreiner","/team/1355/15860","835","SCAC",3,2022,"15860"
"8746","Southwestern (TX)","/team/8746/15860","835","SCAC",3,2022,"15860"
"2810","St. Thomas (TX)","/team/2810/15860","835","SCAC",3,2022,"15860"
"1400","Texas Lutheran","/team/1400/15860","835","SCAC",3,2022,"15860"
"715","Trinity (TX)","/team/715/15860","835","SCAC",3,2022,"15860"
"105","Cal Lutheran","/team/105/15860","910","SCIAC",3,2022,"15860"
"89","Caltech","/team/89/15860","910","SCIAC",3,2022,"15860"
"134","Chapman","/team/134/15860","910","SCIAC",3,2022,"15860"
"142","Claremont-M-S","/team/142/15860","910","SCIAC",3,2022,"15860"
"341","La Verne","/team/341/15860","910","SCIAC",3,2022,"15860"
"516","Occidental","/team/516/15860","910","SCIAC",3,2022,"15860"
"549","Pomona-Pitzer","/team/549/15860","910","SCIAC",3,2022,"15860"
"567","Redlands","/team/567/15860","910","SCIAC",3,2022,"15860"
"781","Whittier","/team/781/15860","910","SCIAC",3,2022,"15860"
"64","Blackburn","/team/64/15860","12974","SLIAC",3,2022,"15860"
"218","Eureka","/team/218/15860","12974","SLIAC",3,2022,"15860"
"11538","Fontbonne","/team/11538/15860","12974","SLIAC",3,2022,"15860"
"1111","Greenville","/team/1111/15860","12974","SLIAC",3,2022,"15860"
"555","Principia","/team/555/15860","12974","SLIAC",3,2022,"15860"
"23260","Spalding","/team/23260/15860","12974","SLIAC",3,2022,"15860"
"759","Webster","/team/759/15860","12974","SLIAC",3,2022,"15860"
"1450","Westminster (MO)","/team/1450/15860","12974","SLIAC",3,2022,"15860"
"168","Cortland","/team/168/15860","917","SUNYAC",3,2022,"15860"
"242","Fredonia","/team/242/15860","917","SUNYAC",3,2022,"15860"
"530","Oswego St.","/team/530/15860","917","SUNYAC",3,2022,"15860"
"547","Plattsburgh St.","/team/547/15860","917","SUNYAC",3,2022,"15860"
"78","SUNY Brockport","/team/78/15860","917","SUNYAC",3,2022,"15860"
"475","SUNY New Paltz","/team/475/15860","917","SUNYAC",3,2022,"15860"
"526","SUNY Oneonta","/team/526/15860","917","SUNYAC",3,2022,"15860"
"451","CMSV","/team/451/15860","13054","Skyline",3,2022,"15860"
"27892","Farmingdale St.","/team/27892/15860","13054","Skyline",3,2022,"15860"
"382","Manhattanville","/team/382/15860","13054","Skyline",3,2022,"15860"
"724","Merchant Marine","/team/724/15860","13054","Skyline",3,2022,"15860"
"1468","Mt. St. Mary (NY)","/team/1468/15860","13054","Skyline",3,2022,"15860"
"524","Old Westbury","/team/524/15860","13054","Skyline",3,2022,"15860"
"30029","Purchase","/team/30029/15860","13054","Skyline",3,2022,"15860"
"478","SUNY Maritime","/team/478/15860","13054","Skyline",3,2022,"15860"
"30072","St. Joseph's (Brkln)","/team/30072/15860","13054","Skyline",3,2022,"15860"
"1340","St. Joseph's (L.I.)","/team/1340/15860","13054","Skyline",3,2022,"15860"
"814","Yeshiva","/team/814/15860","13054","Skyline",3,2022,"15860"
"73","Brandeis","/team/73/15860","1471","UAA",3,2022,"15860"
"122","CWRU","/team/122/15860","1471","UAA",3,2022,"15860"
"217","Emory","/team/217/15860","1471","UAA",3,2022,"15860"
"479","NYU","/team/479/15860","1471","UAA",3,2022,"15860"
"755","WashU","/team/755/15860","1471","UAA",3,2022,"15860"
"30038","Bethany Lutheran","/team/30038/15860","30115","UMAC",3,2022,"15860"
"30035","Crown (MN)","/team/30035/15860","30115","UMAC",3,2022,"15860"
"8597","Martin Luther","/team/8597/15860","30115","UMAC",3,2022,"15860"
"1226","Minn.-Morris","/team/1226/15860","30115","UMAC",3,2022,"15860"
"30039","North Central (MN)","/team/30039/15860","30115","UMAC",3,2022,"15860"
"1267","Northland","/team/1267/15860","30115","UMAC",3,2022,"15860"
"30031","Northwestern-St. Paul","/team/30031/15860","30115","UMAC",3,2022,"15860"
"804","Wis.-Superior","/team/804/15860","30115","UMAC",3,2022,"15860"
"44","Averett","/team/44/15860","842","USA South",3,2022,"15860"
"30171","Berea","/team/30171/15860","842","USA South",3,2022,"15860"
"30094","Brevard","/team/30094/15860","842","USA South",3,2022,"15860"
"30111","Covenant","/team/30111/15860","842","USA South",3,2022,"15860"
"263","Greensboro","/team/263/15860","842","USA South",3,2022,"15860"
"1130","Huntingdon","/team/1130/15860","842","USA South",3,2022,"15860"
"1162","LaGrange","/team/1162/15860","842","USA South",3,2022,"15860"
"389","Mary Baldwin","/team/389/15860","842","USA South",3,2022,"15860"
"396","Maryville (TN)","/team/396/15860","842","USA South",3,2022,"15860"
"412","Methodist","/team/412/15860","842","USA South",3,2022,"15860"
"491","N.C. Wesleyan","/team/491/15860","842","USA South",3,2022,"15860"
"542","Pfeiffer","/team/542/15860","842","USA South",3,2022,"15860"
"21830","Piedmont","/team/21830/15860","842","USA South",3,2022,"15860"
"30164","Southern Va.","/team/30164/15860","842","USA South",3,2022,"15860"
"17094","William Peace","/team/17094/15860","842","USA South",3,2022,"15860"
"245","Gallaudet","/team/245/15860","30071","United East",3,2022,"15860"
"30085","Lancaster Bible","/team/30085/15860","30071","United East",3,2022,"15860"
"30190","Penn College","/team/30190/15860","30071","United East",3,2022,"15860"
"30081","Penn St. Harrisburg","/team/30081/15860","30071","United East",3,2022,"15860"
"30114","Penn St.-Abington","/team/30114/15860","30071","United East",3,2022,"15860"
"30044","Penn St.-Berks","/team/30044/15860","30071","United East",3,2022,"15860"
"761","Wells","/team/761/15860","30071","United East",3,2022,"15860"
"30032","Finlandia","/team/30032/15860","1473","WIAC",3,2022,"15860"
"793","Wis.-Eau Claire","/team/793/15860","1473","WIAC",3,2022,"15860"
"795","Wis.-La Crosse","/team/795/15860","1473","WIAC",3,2022,"15860"
"798","Wis.-Oshkosh","/team/798/15860","1473","WIAC",3,2022,"15860"
"800","Wis.-Platteville","/team/800/15860","1473","WIAC",3,2022,"15860"
"802","Wis.-Stevens Point","/team/802/15860","1473","WIAC",3,2022,"15860"
"803","Wis.-Stout","/team/803/15860","1473","WIAC",3,2022,"15860"
"805","Wis.-Whitewater","/team/805/15860","1473","WIAC",3,2022,"15860"
